{"RuleTriggered": 0, "Violations": 0, "Details": {"algo-1": {"workloads": {"gpu0": [777, 43, 56, 56, 68, 49, 58, 65, 66, 68, 1150, 1139, 118, 99, 90, 80, 84, 73, 93, 61, 41, 53, 0, 0, 0, 0, 0, 0, 0, 0, 0, 0, 0, 0, 0, 0, 0, 0, 0, 0, 0, 0, 0, 0, 0, 0, 0, 0, 0]}}, "algo-2": {"workloads": {"gpu0": [769, 46, 44, 64, 47, 73, 56, 62, 65, 68, 1111, 1085, 104, 109, 98, 94, 82, 99, 89, 68, 67, 87, 0, 0, 0, 0, 0, 0, 0, 0, 0, 0, 0, 0, 0, 0, 0, 0, 0, 0, 0, 0, 0, 0, 0, 0, 0, 0, 0]}}}, "Datapoints": 4387, "RuleParameters": "threshold:0.2\npatience:1000"}