{"RuleTriggered": 0, "Violations": 0, "Details": {"Network": {"algo-1": {"max": 96324399.85, "p99": 0, "p95": 0, "p50": 0, "min": 0}, "algo-2": {"max": 93314744.64, "p99": 0, "p95": 0, "p50": 0, "min": 0}}, "GPU": {"algo-1": {"max": 43.0, "p99": 42.0, "p95": 36.0, "p50": 21.0, "min": 0}, "algo-2": {"max": 43.0, "p99": 42.0, "p95": 38.0, "p50": 21.0, "min": 0}}, "CPU": {"algo-1": {"max": 99.2, "p99": 83.64, "p95": 70.35, "p50": 37.17, "min": 2.55}, "algo-2": {"max": 97.45, "p99": 80.06, "p95": 70.2, "p50": 37.21, "min": 0}}, "CPU memory": {"algo-1": {"max": 29.22, "p99": 28.44, "p95": 28.07, "p50": 27.79, "min": 3.95}, "algo-2": {"max": 29.41, "p99": 28.37, "p95": 27.91, "p50": 27.66, "min": 4.07}}, "GPU memory": {"algo-1": {"max": 36.0, "p99": 35.0, "p95": 30.0, "p50": 18.0, "min": 0}, "algo-2": {"max": 36.0, "p99": 35.0, "p95": 32.0, "p50": 18.0, "min": 0}}, "I/O": {"algo-1": {"max": 37.25, "p99": 22.11, "p95": 12.69, "p50": 0, "min": 0}, "algo-2": {"max": 28.2, "p99": 21.77, "p95": 12.72, "p50": 0, "min": 0}}}, "Datapoints": 4386, "RuleParameters": ""}